{"cameraMode":{"drawMode":0,"name":"Shaded","section":"Shading Mode"},"sceneLighting":true,"audioPlay":false,"sceneViewState":{"m_AlwaysRefresh":false,"showFog":true,"showSkybox":true,"showFlares":true,"showImageEffects":true,"showParticleSystems":true,"showVisualEffectGraphs":true,"m_FxEnabled":true},"in2DMode":false,"pivot":{"x":-118.47894287109375,"y":32.0330810546875,"z":-16.857929229736329},"rotation":{"x":-0.0012578504392877222,"y":0.7111380696296692,"z":0.001274100155569613,"w":0.7030806541442871},"size":16.049102783203126,"orthographic":false}