{"cameraMode":{"drawMode":0,"name":"Shaded","section":"Shading Mode"},"sceneLighting":false,"audioPlay":false,"sceneViewState":{"m_AlwaysRefresh":false,"showFog":true,"showSkybox":false,"showFlares":true,"showImageEffects":true,"showParticleSystems":true,"showVisualEffectGraphs":true,"m_FxEnabled":true},"in2DMode":false,"pivot":{"x":349.9137878417969,"y":188.56680297851563,"z":-150.03890991210938},"rotation":{"x":0.0017903238767758012,"y":-0.007502283435314894,"z":-0.00001301301017520018,"w":-0.9999735355377197},"size":134.01589965820313,"orthographic":false}